METHOD,LOG_LOSS,BRIER_SCORE,PR_AUC
XGW,0.029769081794841994,0.006966538387834703,0.788555412430388
SWC,0.08514597683625294,0.014307976915641655,0.3944400663612416
GO_CC,0.22664485980792998,0.053380296432013086,0.7580710349348276
