METHOD,LOG_LOSS,BRIER_SCORE,PR_AUC
XGW,0.04331296509954408,0.011985357528135874,0.7342721245447457
SWC,0.12847230390835346,0.02285162571335093,0.38771817967309036
GO_CC,0.23155361092509788,0.05540239366613172,0.7961046248557746
